{
  "postcss.config.mjs": 1770773533.3798754,
  "next-env.d.ts": 1770771909.0355096,
  "tailwind.config.ts": 1776623791.6234863,
  "next.config.ts": 1770774111.7012298,
  "app/opengraph-image.tsx": 1776624264.673452,
  "app/layout.tsx": 1776866403.8713424,
  "app/page.tsx": 1776865632.1671073,
  "app/not-found.tsx": 1776624182.886022,
  "app/books-that-stayed/layout.tsx": 1775123775.5981336,
  "app/books-that-stayed/page.tsx": 1776865655.4371562,
  "app/stillness-archive/layout.tsx": 1776865557.3322122,
  "app/stillness-archive/page.tsx": 1776865569.185007,
  "app/about/page.tsx": 1776865639.5320985,
  "app/components/SiteFooter.tsx": 1776769778.3639898,
  "app/components/LinkButton.tsx": 1773220724.3761244,
  "app/components/CountrySelect.tsx": 1776624058.3777726,
  "app/components/SiteHeader.tsx": 1776865930.7404647,
  "app/components/AnnouncementBar.tsx": 1776919766.4467025,
  "app/components/HeroWatercolor.tsx": 1776769778.3676872,
  "app/components/KeepableLines.tsx": 1776769778.3677673,
  "app/components/SmoothScroll.tsx": 1776769778.3581135,
  "app/components/CursorInk.tsx": 1776769778.3578713,
  "app/components/WatercolorBackdrop.tsx": 1776624569.2776783,
  "app/components/RevealLines.tsx": 1776623945.5250342,
  "app/components/Signature.tsx": 1776623900.3879516,
  "app/components/KeptDrawer.tsx": 1776769778.3767931,
  "app/components/EbookModal.tsx": 1772867810.4579165,
  "app/hooks/useKeptLines.ts": 1776769778.3640275,
  "app/hooks/usePrefersReducedMotion.ts": 1776623814.0205772,
  "app/lib/time.ts": 1776769778.357848,
  "app/quiet-enough/layout.tsx": 1776624064.2341979,
  "app/quiet-enough/page.tsx": 1776865647.9140873,
  "data/poems.ts": 1776769778.364002,
  "data/books.ts": 1776869336.5877974,
  "data/ebook.ts": 1776624040.6323783,
  "data/tags.ts": 1775125709.768983,
  "data/poet.ts": 1776867405.8516881,
  "README.md": 1770773533.4519749,
  "public/logo.svg": 1770775967.1696098,
  "public/book-cover.jpg": 1770797993.3395371,
  "public/favicon.svg": 1770776277.8938491,
  "public/art/wash-04.svg": 1776624801.8350224,
  "public/art/wash-03.svg": 1776624794.3818114,
  "public/art/wash-02.svg": 1776624785.5521545,
  "public/art/wash-01.svg": 1776624777.9109442,
  "public/art/grain.svg": 1776623881.987418
}